CustomerID,Recency,Frequency,Monetary,Cluster,Segment
12347.0,11,1,711.79,1,At-Risk / Occasional
12348.0,1,1,892.8,0,At-Risk / Occasional
12370.0,1,2,1868.02,0,At-Risk / Occasional
12386.0,10,1,258.9,1,At-Risk / Occasional
12395.0,1,2,679.92,0,At-Risk / Occasional
12417.0,1,1,291.34,0,At-Risk / Occasional
12427.0,15,1,303.5,1,At-Risk / Occasional
12429.0,9,1,1281.5,1,At-Risk / Occasional
12431.0,1,2,773.95,0,At-Risk / Occasional
12433.0,10,2,3787.12,1,At-Risk / Occasional
12441.0,10,1,173.55,1,At-Risk / Occasional
12471.0,1,4,3874.36,0,At-Risk / Occasional
12472.0,13,1,1631.3,1,At-Risk / Occasional
12476.0,5,1,12.45,0,At-Risk / Occasional
12481.0,9,1,159.38,1,At-Risk / Occasional
12494.0,2,2,62.55,0,At-Risk / Occasional
12540.0,5,1,881.01,0,At-Risk / Occasional
12551.0,1,1,168.0,0,At-Risk / Occasional
12557.0,15,1,620.0,1,At-Risk / Occasional
12567.0,11,2,1942.38,1,At-Risk / Occasional
12577.0,3,1,195.89,0,At-Risk / Occasional
12583.0,17,1,855.86,1,At-Risk / Occasional
12600.0,1,2,274.8,0,At-Risk / Occasional
12621.0,1,2,1383.65,0,At-Risk / Occasional
12647.0,1,4,1193.6,0,At-Risk / Occasional
12662.0,17,1,261.48,1,At-Risk / Occasional
12681.0,11,1,1033.52,1,At-Risk / Occasional
12682.0,9,2,1075.29,1,At-Risk / Occasional
12683.0,9,2,1063.08,1,At-Risk / Occasional
12686.0,15,1,89.14,1,At-Risk / Occasional
12691.0,1,1,180.0,0,At-Risk / Occasional
12705.0,1,1,858.0,0,At-Risk / Occasional
12708.0,12,1,196.44,1,At-Risk / Occasional
12709.0,1,2,1315.69,0,At-Risk / Occasional
12712.0,9,2,470.63,1,At-Risk / Occasional
12720.0,1,2,657.13,0,At-Risk / Occasional
12725.0,15,1,427.8,1,At-Risk / Occasional
12726.0,1,1,170.28,0,At-Risk / Occasional
12731.0,8,1,1071.9,1,At-Risk / Occasional
12738.0,15,1,155.35,1,At-Risk / Occasional
12747.0,5,2,706.27,0,At-Risk / Occasional
12748.0,1,31,4119.24,2,Champions
12753.0,6,1,3590.59,0,At-Risk / Occasional
12755.0,9,1,3794.3999999999996,0,At-Risk / Occasional
12763.0,13,1,320.08,1,At-Risk / Occasional
12766.0,10,1,1149.29,1,At-Risk / Occasional
12779.0,15,1,248.16,1,At-Risk / Occasional
12782.0,1,1,463.5,0,At-Risk / Occasional
12785.0,8,1,311.95,1,At-Risk / Occasional
12791.0,17,1,192.60000000000002,1,At-Risk / Occasional
12793.0,15,1,131.8,1,At-Risk / Occasional
12797.0,9,1,254.03,1,At-Risk / Occasional
12808.0,12,1,129.4,1,At-Risk / Occasional
12826.0,9,1,155.0,1,At-Risk / Occasional
12829.0,4,1,85.75,0,At-Risk / Occasional
12838.0,17,1,390.79,1,At-Risk / Occasional
12839.0,11,1,402.61,1,At-Risk / Occasional
12841.0,13,2,505.99,1,At-Risk / Occasional
12855.0,16,1,38.1,1,At-Risk / Occasional
12867.0,4,1,362.79,0,At-Risk / Occasional
12868.0,17,1,203.3,1,At-Risk / Occasional
12872.0,9,1,378.53000000000003,1,At-Risk / Occasional
12875.0,6,1,293.76000000000005,0,At-Risk / Occasional
12877.0,2,1,150.06,0,At-Risk / Occasional
12913.0,12,1,417.62,1,At-Risk / Occasional
12915.0,16,1,199.65,1,At-Risk / Occasional
12921.0,10,2,687.8000000000001,1,At-Risk / Occasional
12928.0,3,1,392.34000000000003,0,At-Risk / Occasional
12931.0,1,1,144.0,0,At-Risk / Occasional
12942.0,9,1,258.75,1,At-Risk / Occasional
12947.0,17,1,304.04,1,At-Risk / Occasional
12963.0,9,1,365.8,1,At-Risk / Occasional
12967.0,1,2,1660.9,0,At-Risk / Occasional
12971.0,1,4,321.59000000000003,0,At-Risk / Occasional
12980.0,2,1,889.32,0,At-Risk / Occasional
12989.0,8,1,202.5,1,At-Risk / Occasional
13000.0,8,1,201.75,1,At-Risk / Occasional
13004.0,1,1,357.01,0,At-Risk / Occasional
13011.0,16,1,50.550000000000004,1,At-Risk / Occasional
13013.0,15,2,1528.34,1,At-Risk / Occasional
13021.0,2,1,157.35000000000002,0,At-Risk / Occasional
13030.0,12,1,427.74,1,At-Risk / Occasional
13033.0,1,1,190.55,0,At-Risk / Occasional
13034.0,13,1,165.86,1,At-Risk / Occasional
13047.0,17,3,366.63,1,At-Risk / Occasional
13050.0,2,3,930.37,0,At-Risk / Occasional
13065.0,17,1,205.86,1,At-Risk / Occasional
13069.0,5,4,644.12,0,At-Risk / Occasional
13077.0,10,1,313.72,1,At-Risk / Occasional
13078.0,3,2,881.16,0,At-Risk / Occasional
13081.0,15,2,2366.78,1,At-Risk / Occasional
13089.0,2,8,5953.21,0,At-Risk / Occasional
13090.0,9,3,1008.4,1,At-Risk / Occasional
13092.0,3,1,185.45,0,At-Risk / Occasional
13093.0,2,3,3795.5099999999998,0,At-Risk / Occasional
13094.0,12,1,223.68,1,At-Risk / Occasional
13097.0,4,1,304.90000000000003,0,At-Risk / Occasional
13102.0,4,2,673.92,0,At-Risk / Occasional
13108.0,16,1,350.06,1,At-Risk / Occasional
13113.0,10,1,372.96999999999997,1,At-Risk / Occasional
13117.0,9,2,388.15,1,At-Risk / Occasional
13124.0,3,1,1256.32,0,At-Risk / Occasional
13126.0,10,2,223.44,1,At-Risk / Occasional
13138.0,16,1,193.23,1,At-Risk / Occasional
13140.0,10,1,159.51,1,At-Risk / Occasional
13145.0,15,1,295.0,1,At-Risk / Occasional
13148.0,8,1,309.40000000000003,1,At-Risk / Occasional
13155.0,12,1,379.7,1,At-Risk / Occasional
13173.0,11,1,165.94,1,At-Risk / Occasional
13174.0,13,1,1415.97,1,At-Risk / Occasional
13178.0,4,1,710.0,0,At-Risk / Occasional
13198.0,5,1,384.55,0,At-Risk / Occasional
13199.0,2,2,711.8,0,At-Risk / Occasional
13209.0,5,1,318.85,0,At-Risk / Occasional
13211.0,5,1,110.7,0,At-Risk / Occasional
13221.0,3,1,498.16,0,At-Risk / Occasional
13225.0,5,1,1206.72,0,At-Risk / Occasional
13230.0,8,1,93.45,1,At-Risk / Occasional
13238.0,4,1,91.15,0,At-Risk / Occasional
13240.0,9,1,224.07,1,At-Risk / Occasional
13255.0,17,1,225.7,1,At-Risk / Occasional
13267.0,4,2,622.3000000000001,0,At-Risk / Occasional
13269.0,5,2,662.1700000000001,0,At-Risk / Occasional
13270.0,10,1,590.0,1,At-Risk / Occasional
13295.0,3,1,201.20000000000002,0,At-Risk / Occasional
13305.0,16,1,136.2,1,At-Risk / Occasional
13317.0,2,2,238.05,0,At-Risk / Occasional
13319.0,9,2,759.28,1,At-Risk / Occasional
13324.0,4,1,650.1,0,At-Risk / Occasional
13327.0,9,2,745.0,1,At-Risk / Occasional
13329.0,10,1,304.2,1,At-Risk / Occasional
13369.0,9,1,308.28000000000003,1,At-Risk / Occasional
13370.0,15,1,754.87,1,At-Risk / Occasional
13402.0,16,1,308.28000000000003,1,At-Risk / Occasional
13408.0,2,5,3031.2000000000003,0,At-Risk / Occasional
13418.0,3,5,1579.62,0,At-Risk / Occasional
13426.0,3,1,336.98,0,At-Risk / Occasional
13448.0,8,3,829.5400000000001,0,At-Risk / Occasional
13455.0,10,1,692.94,1,At-Risk / Occasional
13458.0,3,1,1185.8600000000001,0,At-Risk / Occasional
13468.0,2,4,911.0,0,At-Risk / Occasional
13488.0,11,1,1381.92,1,At-Risk / Occasional
13491.0,3,2,196.4,0,At-Risk / Occasional
13495.0,3,2,865.4300000000001,0,At-Risk / Occasional
13496.0,3,1,501.01,0,At-Risk / Occasional
13497.0,12,1,153.5,1,At-Risk / Occasional
13506.0,13,1,301.12,1,At-Risk / Occasional
13520.0,15,1,303.4,1,At-Risk / Occasional
13523.0,10,1,566.95,1,At-Risk / Occasional
13531.0,10,1,305.45,1,At-Risk / Occasional
13534.0,2,2,283.2,0,At-Risk / Occasional
13564.0,11,1,540.0,1,At-Risk / Occasional
13569.0,11,1,118.32,1,At-Risk / Occasional
13576.0,16,1,349.15,1,At-Risk / Occasional
13579.0,13,1,164.70000000000002,1,At-Risk / Occasional
13599.0,10,2,352.84,1,At-Risk / Occasional
13611.0,3,1,303.15000000000003,0,At-Risk / Occasional
13627.0,1,1,311.19,0,At-Risk / Occasional
13649.0,10,1,197.8,1,At-Risk / Occasional
13652.0,12,1,308.8,1,At-Risk / Occasional
13668.0,6,1,177.66,0,At-Risk / Occasional
13694.0,1,2,2897.04,0,At-Risk / Occasional
13705.0,17,1,318.14,1,At-Risk / Occasional
13715.0,6,3,496.63,0,At-Risk / Occasional
13747.0,17,1,79.6,1,At-Risk / Occasional
13748.0,17,1,204.0,1,At-Risk / Occasional
13756.0,2,3,1004.4000000000001,0,At-Risk / Occasional
13758.0,10,2,718.85,1,At-Risk / Occasional
13767.0,2,6,2439.36,0,At-Risk / Occasional
13769.0,11,1,322.3,1,At-Risk / Occasional
13777.0,10,9,6840.16,0,At-Risk / Occasional
13786.0,11,1,230.39999999999998,1,At-Risk / Occasional
13787.0,8,1,106.4,1,At-Risk / Occasional
13798.0,8,2,4170.66,0,At-Risk / Occasional
13807.0,11,1,112.6,1,At-Risk / Occasional
13831.0,13,1,408.0,1,At-Risk / Occasional
13838.0,13,1,238.11,1,At-Risk / Occasional
13842.0,10,1,310.57,1,At-Risk / Occasional
13846.0,4,1,411.4,0,At-Risk / Occasional
13848.0,10,1,320.0,1,At-Risk / Occasional
13854.0,1,2,609.4399999999999,0,At-Risk / Occasional
13869.0,1,1,323.62,0,At-Risk / Occasional
13874.0,1,1,540.45,0,At-Risk / Occasional
13880.0,11,1,97.8,1,At-Risk / Occasional
13890.0,2,1,190.35,0,At-Risk / Occasional
13941.0,16,1,1095.12,1,At-Risk / Occasional
13948.0,4,1,102.0,0,At-Risk / Occasional
13959.0,6,1,214.74,0,At-Risk / Occasional
13963.0,11,1,151.3,1,At-Risk / Occasional
13969.0,8,1,317.59000000000003,1,At-Risk / Occasional
13982.0,9,1,428.6,1,At-Risk / Occasional
13983.0,10,1,329.36,1,At-Risk / Occasional
13984.0,10,1,154.8,1,At-Risk / Occasional
13999.0,5,1,302.1,0,At-Risk / Occasional
14001.0,17,1,301.24,1,At-Risk / Occasional
14016.0,1,1,753.74,0,At-Risk / Occasional
14030.0,10,2,676.5,1,At-Risk / Occasional
14031.0,1,3,2568.9500000000003,0,At-Risk / Occasional
14032.0,10,1,303.86,1,At-Risk / Occasional
14037.0,8,1,111.8,1,At-Risk / Occasional
14045.0,17,1,326.4,1,At-Risk / Occasional
14047.0,16,1,286.92,1,At-Risk / Occasional
14051.0,4,2,1100.1200000000001,0,At-Risk / Occasional
14057.0,4,2,925.92,0,At-Risk / Occasional
14060.0,3,3,874.04,0,At-Risk / Occasional
14062.0,8,1,966.62,1,At-Risk / Occasional
14078.0,17,1,136.24,1,At-Risk / Occasional
14081.0,13,1,423.52,1,At-Risk / Occasional
14082.0,8,1,182.25,1,At-Risk / Occasional
14083.0,15,1,309.54,1,At-Risk / Occasional
14085.0,5,2,799.29,0,At-Risk / Occasional
14092.0,2,1,250.65,0,At-Risk / Occasional
14107.0,8,1,363.24,1,At-Risk / Occasional
14135.0,11,2,804.25,1,At-Risk / Occasional
14142.0,17,1,311.81,1,At-Risk / Occasional
14146.0,1,1,1241.43,0,At-Risk / Occasional
14150.0,3,1,306.18,0,At-Risk / Occasional
14156.0,15,1,322.2,1,At-Risk / Occasional
14159.0,6,1,193.22,0,At-Risk / Occasional
14161.0,13,1,283.15,1,At-Risk / Occasional
14176.0,11,1,159.55,1,At-Risk / Occasional
14180.0,1,4,896.25,0,At-Risk / Occasional
14189.0,12,1,311.24,1,At-Risk / Occasional
14201.0,3,1,67.24000000000001,0,At-Risk / Occasional
14210.0,15,1,304.95000000000005,1,At-Risk / Occasional
14215.0,12,1,166.0,1,At-Risk / Occasional
14217.0,10,1,118.3,1,At-Risk / Occasional
14220.0,1,1,312.98,0,At-Risk / Occasional
14236.0,15,1,189.3,1,At-Risk / Occasional
14237.0,17,1,161.0,1,At-Risk / Occasional
14243.0,1,2,472.0,0,At-Risk / Occasional
14256.0,8,1,523.86,1,At-Risk / Occasional
14282.0,11,1,571.0,1,At-Risk / Occasional
14290.0,5,1,777.5600000000001,0,At-Risk / Occasional
14293.0,12,1,364.92,1,At-Risk / Occasional
14298.0,4,3,2973.06,0,At-Risk / Occasional
14299.0,9,1,429.24,1,At-Risk / Occasional
14307.0,17,1,783.11,1,At-Risk / Occasional
14309.0,2,1,147.75,0,At-Risk / Occasional
14334.0,1,1,320.15,0,At-Risk / Occasional
14344.0,1,3,355.65000000000003,0,At-Risk / Occasional
14355.0,9,1,174.4,1,At-Risk / Occasional
14373.0,2,1,76.55,0,At-Risk / Occasional
14388.0,16,1,312.8,1,At-Risk / Occasional
14390.0,16,1,223.7,1,At-Risk / Occasional
14395.0,15,1,308.68,1,At-Risk / Occasional
14396.0,15,1,110.35000000000001,1,At-Risk / Occasional
14401.0,3,1,247.38,0,At-Risk / Occasional
14404.0,13,1,133.48,1,At-Risk / Occasional
14409.0,12,2,328.80000000000007,1,At-Risk / Occasional
14413.0,6,1,122.7,0,At-Risk / Occasional
14414.0,2,1,217.2,0,At-Risk / Occasional
14415.0,4,1,875.18,0,At-Risk / Occasional
14419.0,8,1,124.1,1,At-Risk / Occasional
14437.0,9,1,63.0,1,At-Risk / Occasional
14440.0,9,1,656.7,1,At-Risk / Occasional
14443.0,12,1,303.5,1,At-Risk / Occasional
14448.0,7,1,102.35000000000001,0,At-Risk / Occasional
14449.0,16,1,210.24,1,At-Risk / Occasional
14466.0,16,1,379.75,1,At-Risk / Occasional
14479.0,9,1,174.4,1,At-Risk / Occasional
14487.0,12,1,125.10000000000001,1,At-Risk / Occasional
14491.0,16,1,127.2,1,At-Risk / Occasional
14496.0,17,1,304.34000000000003,1,At-Risk / Occasional
14498.0,5,1,166.22,0,At-Risk / Occasional
14505.0,6,1,1050.35,0,At-Risk / Occasional
14506.0,13,1,269.7,1,At-Risk / Occasional
14524.0,4,1,275.45,0,At-Risk / Occasional
14525.0,4,1,462.3,0,At-Risk / Occasional
14527.0,3,3,786.64,0,At-Risk / Occasional
14543.0,8,1,254.4,1,At-Risk / Occasional
14544.0,5,1,1121.92,0,At-Risk / Occasional
14560.0,1,1,408.16999999999996,0,At-Risk / Occasional
14565.0,5,1,1167.41,0,At-Risk / Occasional
14573.0,15,1,413.1,1,At-Risk / Occasional
14576.0,15,1,35.400000000000006,1,At-Risk / Occasional
14577.0,6,1,346.90000000000003,0,At-Risk / Occasional
14589.0,15,1,39.75,1,At-Risk / Occasional
14594.0,17,1,255.0,1,At-Risk / Occasional
14606.0,2,6,1028.15,0,At-Risk / Occasional
14608.0,6,1,204.0,0,At-Risk / Occasional
14621.0,2,1,305.7,0,At-Risk / Occasional
14625.0,5,1,585.53,0,At-Risk / Occasional
14639.0,5,1,676.54,0,At-Risk / Occasional
14643.0,1,1,357.94,0,At-Risk / Occasional
14667.0,4,5,1998.1,0,At-Risk / Occasional
14673.0,11,1,373.49,1,At-Risk / Occasional
14680.0,4,2,2875.4,0,At-Risk / Occasional
14684.0,6,1,168.36,0,At-Risk / Occasional
14688.0,17,1,444.98,1,At-Risk / Occasional
14696.0,17,1,294.62,1,At-Risk / Occasional
14702.0,8,1,318.7,1,At-Risk / Occasional
14708.0,12,1,419.06,1,At-Risk / Occasional
14709.0,2,1,314.1,0,At-Risk / Occasional
14713.0,1,2,425.85,0,At-Risk / Occasional
14723.0,1,3,471.0,0,At-Risk / Occasional
14729.0,17,1,313.49,1,At-Risk / Occasional
14733.0,5,2,3525.14,0,At-Risk / Occasional
14735.0,2,1,252.2,0,At-Risk / Occasional
14739.0,11,1,713.88,1,At-Risk / Occasional
14741.0,5,2,495.3,0,At-Risk / Occasional
14744.0,10,1,225.0,1,At-Risk / Occasional
14748.0,12,2,470.42,1,At-Risk / Occasional
14766.0,10,1,180.4,1,At-Risk / Occasional
14769.0,1,1,347.01,0,At-Risk / Occasional
14775.0,16,1,406.56,1,At-Risk / Occasional
14796.0,5,2,1028.82,0,At-Risk / Occasional
14800.0,6,2,1219.85,0,At-Risk / Occasional
14810.0,13,1,180.44,1,At-Risk / Occasional
14813.0,13,2,155.43,1,At-Risk / Occasional
14821.0,10,1,48.800000000000004,1,At-Risk / Occasional
14825.0,2,2,396.43,0,At-Risk / Occasional
14829.0,4,2,385.33,0,At-Risk / Occasional
14841.0,2,1,395.16,0,At-Risk / Occasional
14849.0,2,5,566.89,0,At-Risk / Occasional
14865.0,15,1,37.2,1,At-Risk / Occasional
14866.0,10,1,103.67999999999999,1,At-Risk / Occasional
14871.0,4,1,140.4,0,At-Risk / Occasional
14878.0,2,1,322.01,0,At-Risk / Occasional
14896.0,9,1,257.22,1,At-Risk / Occasional
14898.0,15,1,98.5,1,At-Risk / Occasional
14901.0,4,3,497.04999999999995,0,At-Risk / Occasional
14907.0,4,3,960.69,0,At-Risk / Occasional
14911.0,1,10,6274.6900000000005,0,At-Risk / Occasional
14913.0,3,1,300.87,0,At-Risk / Occasional
14932.0,9,1,363.53,1,At-Risk / Occasional
14952.0,8,1,686.16,1,At-Risk / Occasional
14961.0,4,2,1182.7,0,At-Risk / Occasional
14985.0,1,1,124.51,0,At-Risk / Occasional
14987.0,9,1,163.2,1,At-Risk / Occasional
15002.0,11,1,631.65,1,At-Risk / Occasional
15005.0,3,2,470.41,0,At-Risk / Occasional
15012.0,17,1,191.06,1,At-Risk / Occasional
15018.0,11,1,111.25,1,At-Risk / Occasional
15021.0,10,1,205.64000000000001,1,At-Risk / Occasional
15023.0,13,1,460.6,1,At-Risk / Occasional
15024.0,11,2,491.22,1,At-Risk / Occasional
15028.0,12,1,185.97,1,At-Risk / Occasional
15032.0,10,2,2770.6,1,At-Risk / Occasional
15038.0,13,1,126.42999999999999,1,At-Risk / Occasional
15039.0,4,2,1317.76,0,At-Risk / Occasional
15044.0,6,1,835.95,0,At-Risk / Occasional
15048.0,12,1,98.7,1,At-Risk / Occasional
15061.0,3,12,19950.66,3,Champions
15062.0,3,1,209.08,0,At-Risk / Occasional
15070.0,16,1,106.2,1,At-Risk / Occasional
15078.0,12,2,475.15000000000003,1,At-Risk / Occasional
15079.0,9,1,141.95,1,At-Risk / Occasional
15081.0,11,1,111.15,1,At-Risk / Occasional
15093.0,15,1,623.73,1,At-Risk / Occasional
15100.0,10,2,700.8,1,At-Risk / Occasional
15101.0,3,1,102.28,0,At-Risk / Occasional
15107.0,4,2,177.05,0,At-Risk / Occasional
15111.0,16,1,288.5,1,At-Risk / Occasional
15157.0,2,1,1085.46,0,At-Risk / Occasional
15159.0,5,2,1860.98,0,At-Risk / Occasional
15160.0,1,1,158.16,0,At-Risk / Occasional
15165.0,17,1,487.75,1,At-Risk / Occasional
15180.0,11,1,87.5,1,At-Risk / Occasional
15192.0,9,1,315.0,1,At-Risk / Occasional
15194.0,2,3,1558.99,0,At-Risk / Occasional
15197.0,1,1,556.5,0,At-Risk / Occasional
15204.0,1,1,316.58,0,At-Risk / Occasional
15211.0,9,1,383.07,1,At-Risk / Occasional
15221.0,10,1,403.25,1,At-Risk / Occasional
15224.0,2,2,322.08,0,At-Risk / Occasional
15235.0,13,2,165.05,1,At-Risk / Occasional
15246.0,2,1,186.0,0,At-Risk / Occasional
15260.0,16,2,420.5,1,At-Risk / Occasional
15271.0,9,1,111.75,1,At-Risk / Occasional
15288.0,9,1,165.65,1,At-Risk / Occasional
15290.0,3,1,219.6,0,At-Risk / Occasional
15291.0,1,2,648.9,0,At-Risk / Occasional
15298.0,10,1,397.6,1,At-Risk / Occasional
15299.0,16,3,1835.01,1,At-Risk / Occasional
15301.0,12,1,673.37,1,At-Risk / Occasional
15304.0,12,1,123.15,1,At-Risk / Occasional
15311.0,2,7,2285.91,0,At-Risk / Occasional
15332.0,10,4,1661.06,1,At-Risk / Occasional
15347.0,10,1,201.60000000000002,1,At-Risk / Occasional
15350.0,17,1,115.65,1,At-Risk / Occasional
15351.0,13,1,274.67,1,At-Risk / Occasional
15353.0,11,1,311.65,1,At-Risk / Occasional
15356.0,4,2,365.54,0,At-Risk / Occasional
15358.0,9,2,624.55,1,At-Risk / Occasional
15361.0,5,1,418.92,0,At-Risk / Occasional
15363.0,16,1,326.0,1,At-Risk / Occasional
15366.0,2,1,105.54,0,At-Risk / Occasional
15373.0,3,2,537.1,0,At-Risk / Occasional
15379.0,2,1,1491.46,0,At-Risk / Occasional
15380.0,9,1,230.10000000000002,1,At-Risk / Occasional
15384.0,3,1,303.57,0,At-Risk / Occasional
15392.0,4,1,338.98,0,At-Risk / Occasional
15394.0,2,1,587.66,0,At-Risk / Occasional
15426.0,13,1,411.42,1,At-Risk / Occasional
15454.0,6,1,179.1,0,At-Risk / Occasional
15456.0,3,1,243.22,0,At-Risk / Occasional
15465.0,3,2,867.85,0,At-Risk / Occasional
15482.0,2,2,723.64,0,At-Risk / Occasional
15485.0,17,1,950.09,1,At-Risk / Occasional
15498.0,10,2,976.72,1,At-Risk / Occasional
15502.0,12,3,929.4,1,At-Risk / Occasional
15503.0,6,1,147.09,0,At-Risk / Occasional
15512.0,3,1,101.2,0,At-Risk / Occasional
15513.0,9,2,1313.5,1,At-Risk / Occasional
15514.0,4,4,1884.71,0,At-Risk / Occasional
15525.0,17,1,313.93,1,At-Risk / Occasional
15529.0,8,2,321.46,1,At-Risk / Occasional
15532.0,2,1,356.35,0,At-Risk / Occasional
15544.0,16,1,354.54,1,At-Risk / Occasional
15545.0,14,1,135.32999999999998,1,At-Risk / Occasional
15547.0,6,1,767.37,0,At-Risk / Occasional
15555.0,5,3,989.82,0,At-Risk / Occasional
15563.0,2,1,270.19,0,At-Risk / Occasional
15570.0,1,3,1064.64,0,At-Risk / Occasional
15574.0,2,3,590.15,0,At-Risk / Occasional
15581.0,10,1,272.34000000000003,1,At-Risk / Occasional
15596.0,9,1,402.32,1,At-Risk / Occasional
15601.0,2,2,1236.45,0,At-Risk / Occasional
15602.0,4,2,152.55,0,At-Risk / Occasional
15605.0,17,1,194.85000000000002,1,At-Risk / Occasional
15615.0,3,3,1081.19,0,At-Risk / Occasional
15620.0,2,1,424.49,0,At-Risk / Occasional
15628.0,10,1,319.18,1,At-Risk / Occasional
15640.0,5,2,1819.5,0,At-Risk / Occasional
15641.0,3,1,308.37,0,At-Risk / Occasional
15646.0,16,1,189.8,1,At-Risk / Occasional
15649.0,11,1,510.0,1,At-Risk / Occasional
15658.0,16,1,306.2,1,At-Risk / Occasional
15660.0,9,1,209.3,1,At-Risk / Occasional
15680.0,10,1,478.89,1,At-Risk / Occasional
15689.0,5,1,103.5,0,At-Risk / Occasional
15694.0,4,3,847.3299999999999,0,At-Risk / Occasional
15708.0,13,1,350.68,1,At-Risk / Occasional
15713.0,10,1,171.15,1,At-Risk / Occasional
15716.0,13,1,547.1,1,At-Risk / Occasional
15723.0,8,1,203.1,1,At-Risk / Occasional
15727.0,3,1,1536.85,0,At-Risk / Occasional
15732.0,16,1,138.1,1,At-Risk / Occasional
15738.0,16,1,329.65000000000003,1,At-Risk / Occasional
15750.0,10,2,340.52,1,At-Risk / Occasional
15752.0,16,1,259.65000000000003,1,At-Risk / Occasional
15759.0,2,1,97.24000000000001,0,At-Risk / Occasional
15769.0,15,1,91.8,1,At-Risk / Occasional
15777.0,5,1,365.55,0,At-Risk / Occasional
15780.0,1,1,177.15,0,At-Risk / Occasional
15789.0,2,1,351.3,0,At-Risk / Occasional
15805.0,8,1,370.80000000000007,1,At-Risk / Occasional
15808.0,5,2,2249.85,0,At-Risk / Occasional
15811.0,1,2,438.8,0,At-Risk / Occasional
15822.0,3,1,440.2,0,At-Risk / Occasional
15823.0,16,1,15.0,1,At-Risk / Occasional
15827.0,16,2,190.93,1,At-Risk / Occasional
15838.0,11,1,957.5,1,At-Risk / Occasional
15854.0,5,1,230.1,0,At-Risk / Occasional
15856.0,1,2,2312.54,0,At-Risk / Occasional
15858.0,11,1,383.93,1,At-Risk / Occasional
15860.0,12,1,102.66,1,At-Risk / Occasional
15862.0,17,1,354.23,1,At-Risk / Occasional
15867.0,5,2,314.3,0,At-Risk / Occasional
15880.0,13,1,343.28000000000003,1,At-Risk / Occasional
15881.0,5,2,155.25,0,At-Risk / Occasional
15882.0,12,2,371.32000000000005,1,At-Risk / Occasional
15889.0,13,1,297.92,1,At-Risk / Occasional
15894.0,13,1,156.74,1,At-Risk / Occasional
15898.0,11,2,521.69,1,At-Risk / Occasional
15899.0,12,1,56.25,1,At-Risk / Occasional
15916.0,10,2,232.45,1,At-Risk / Occasional
15919.0,12,1,270.72,1,At-Risk / Occasional
15922.0,17,1,369.5,1,At-Risk / Occasional
15923.0,16,1,127.08,1,At-Risk / Occasional
15945.0,9,1,181.0,1,At-Risk / Occasional
15950.0,3,1,428.82000000000005,0,At-Risk / Occasional
15953.0,13,1,209.84,1,At-Risk / Occasional
15955.0,16,1,572.38,1,At-Risk / Occasional
15965.0,11,1,156.19,1,At-Risk / Occasional
15973.0,10,1,307.82000000000005,1,At-Risk / Occasional
15983.0,4,3,1148.27,0,At-Risk / Occasional
15984.0,12,1,122.7,1,At-Risk / Occasional
15987.0,12,1,113.48,1,At-Risk / Occasional
15996.0,10,1,263.25,1,At-Risk / Occasional
15998.0,6,1,863.39,0,At-Risk / Occasional
16003.0,3,1,1181.0,0,At-Risk / Occasional
16010.0,6,1,110.1,0,At-Risk / Occasional
16011.0,6,2,406.1,0,At-Risk / Occasional
16013.0,1,5,2973.0,0,At-Risk / Occasional
16016.0,10,1,382.27,1,At-Risk / Occasional
16019.0,8,1,219.1,1,At-Risk / Occasional
16029.0,2,5,12633.12,3,Champions
16033.0,4,2,309.69,0,At-Risk / Occasional
16037.0,2,1,300.46,0,At-Risk / Occasional
16048.0,17,2,256.44,1,At-Risk / Occasional
16059.0,11,1,118.25,1,At-Risk / Occasional
16062.0,8,1,247.56,1,At-Risk / Occasional
16065.0,9,1,372.09,1,At-Risk / Occasional
16081.0,10,1,157.6,1,At-Risk / Occasional
16083.0,4,1,337.98,0,At-Risk / Occasional
16086.0,11,1,177.26,1,At-Risk / Occasional
16098.0,17,1,430.6,1,At-Risk / Occasional
16122.0,10,1,105.72,1,At-Risk / Occasional
16125.0,11,1,289.35,1,At-Risk / Occasional
16134.0,3,1,283.53000000000003,0,At-Risk / Occasional
16140.0,15,1,124.14,1,At-Risk / Occasional
16143.0,13,1,355.75,1,At-Risk / Occasional
16145.0,3,1,302.78,0,At-Risk / Occasional
16150.0,15,1,393.42,1,At-Risk / Occasional
16161.0,3,3,576.3,0,At-Risk / Occasional
16163.0,9,1,441.6,1,At-Risk / Occasional
16168.0,13,1,275.8,1,At-Risk / Occasional
16186.0,16,1,307.68,1,At-Risk / Occasional
16191.0,4,2,627.5999999999999,0,At-Risk / Occasional
16202.0,4,1,365.27,0,At-Risk / Occasional
16203.0,16,1,170.7,1,At-Risk / Occasional
16210.0,2,4,7000.64,0,At-Risk / Occasional
16218.0,17,1,471.3,1,At-Risk / Occasional
16221.0,11,1,166.74,1,At-Risk / Occasional
16233.0,10,1,147.39999999999998,1,At-Risk / Occasional
16241.0,13,1,277.65000000000003,1,At-Risk / Occasional
16244.0,16,1,1056.63,1,At-Risk / Occasional
16250.0,17,1,226.14,1,At-Risk / Occasional
16255.0,9,1,374.25,1,At-Risk / Occasional
16265.0,8,2,840.81,0,At-Risk / Occasional
16271.0,2,1,133.22,0,At-Risk / Occasional
16274.0,17,1,357.95,1,At-Risk / Occasional
16293.0,11,1,378.75,1,At-Risk / Occasional
16306.0,11,1,68.1,1,At-Risk / Occasional
16316.0,2,1,308.21999999999997,0,At-Risk / Occasional
16327.0,13,1,535.6,1,At-Risk / Occasional
16353.0,1,3,408.0,0,At-Risk / Occasional
16365.0,3,2,368.46,0,At-Risk / Occasional
16367.0,6,1,170.91,0,At-Risk / Occasional
16385.0,10,1,148.23000000000002,1,At-Risk / Occasional
16393.0,6,2,291.55,0,At-Risk / Occasional
16402.0,13,1,211.8,1,At-Risk / Occasional
16411.0,13,1,131.5,1,At-Risk / Occasional
16422.0,4,2,1685.6000000000001,0,At-Risk / Occasional
16442.0,4,1,151.66,0,At-Risk / Occasional
16455.0,5,3,531.98,0,At-Risk / Occasional
16456.0,17,1,787.4,1,At-Risk / Occasional
16458.0,4,1,193.9,0,At-Risk / Occasional
16470.0,2,1,216.34,0,At-Risk / Occasional
16477.0,15,1,225.65,1,At-Risk / Occasional
16499.0,4,2,365.45,0,At-Risk / Occasional
16503.0,4,1,488.09,0,At-Risk / Occasional
16510.0,16,1,248.1,1,At-Risk / Occasional
16519.0,9,1,103.7,1,At-Risk / Occasional
16520.0,9,1,325.76,1,At-Risk / Occasional
16525.0,2,2,802.44,0,At-Risk / Occasional
16531.0,4,1,92.82,0,At-Risk / Occasional
16539.0,2,2,747.25,0,At-Risk / Occasional
16546.0,16,1,299.40000000000003,1,At-Risk / Occasional
16550.0,12,1,554.66,1,At-Risk / Occasional
16552.0,17,1,95.29,1,At-Risk / Occasional
16553.0,4,2,1609.44,0,At-Risk / Occasional
16556.0,4,1,310.85,0,At-Risk / Occasional
16558.0,1,2,880.5500000000001,0,At-Risk / Occasional
16560.0,2,1,332.18,0,At-Risk / Occasional
16565.0,8,1,173.7,1,At-Risk / Occasional
16583.0,17,1,233.45,1,At-Risk / Occasional
16596.0,10,1,120.65,1,At-Risk / Occasional
16607.0,1,2,654.8199999999999,0,At-Risk / Occasional
16634.0,15,1,164.8,1,At-Risk / Occasional
16638.0,3,2,70.80000000000001,0,At-Risk / Occasional
16654.0,12,1,227.4,1,At-Risk / Occasional
16656.0,8,1,428.76,1,At-Risk / Occasional
16658.0,12,1,123.24,1,At-Risk / Occasional
16665.0,6,1,135.39999999999998,0,At-Risk / Occasional
16670.0,2,1,403.61,0,At-Risk / Occasional
16679.0,10,1,129.75,1,At-Risk / Occasional
16684.0,1,2,739.26,0,At-Risk / Occasional
16700.0,10,1,336.94,1,At-Risk / Occasional
16701.0,5,1,476.76,0,At-Risk / Occasional
16705.0,2,2,1131.72,0,At-Risk / Occasional
16710.0,4,2,524.97,0,At-Risk / Occasional
16711.0,1,1,214.20000000000002,0,At-Risk / Occasional
16713.0,10,1,414.43,1,At-Risk / Occasional
16717.0,10,1,307.25,1,At-Risk / Occasional
16718.0,13,1,623.75,1,At-Risk / Occasional
16719.0,12,1,430.73,1,At-Risk / Occasional
16722.0,10,2,799.52,1,At-Risk / Occasional
16725.0,3,3,327.2,0,At-Risk / Occasional
16726.0,5,1,129.57,0,At-Risk / Occasional
16727.0,8,1,272.82,1,At-Risk / Occasional
16743.0,2,1,430.28000000000003,0,At-Risk / Occasional
16746.0,2,1,311.64,0,At-Risk / Occasional
16752.0,16,1,207.5,1,At-Risk / Occasional
16754.0,15,1,2002.4,1,At-Risk / Occasional
16770.0,2,2,262.20000000000005,0,At-Risk / Occasional
16775.0,11,1,231.9,1,At-Risk / Occasional
16779.0,6,2,687.83,0,At-Risk / Occasional
16781.0,16,1,311.25,1,At-Risk / Occasional
16782.0,3,2,577.99,0,At-Risk / Occasional
16795.0,9,1,414.88,1,At-Risk / Occasional
16805.0,4,1,214.77,0,At-Risk / Occasional
16812.0,4,1,479.35,0,At-Risk / Occasional
16814.0,13,1,273.29,1,At-Risk / Occasional
16816.0,2,1,75.78,0,At-Risk / Occasional
16817.0,3,2,367.3,0,At-Risk / Occasional
16835.0,17,1,81.75,1,At-Risk / Occasional
16839.0,13,1,552.24,1,At-Risk / Occasional
16858.0,12,1,375.69000000000005,1,At-Risk / Occasional
16863.0,10,1,164.25,1,At-Risk / Occasional
16873.0,8,1,2157.64,0,At-Risk / Occasional
16883.0,15,1,128.03,1,At-Risk / Occasional
16885.0,1,1,176.79999999999998,0,At-Risk / Occasional
16891.0,15,1,232.26,1,At-Risk / Occasional
16893.0,10,1,145.93,1,At-Risk / Occasional
16898.0,12,1,116.08,1,At-Risk / Occasional
16899.0,4,1,170.55,0,At-Risk / Occasional
16904.0,11,2,338.70000000000005,1,At-Risk / Occasional
16905.0,15,1,254.39999999999998,1,At-Risk / Occasional
16907.0,9,1,182.01999999999998,1,At-Risk / Occasional
16916.0,16,1,198.08,1,At-Risk / Occasional
16919.0,4,2,540.01,0,At-Risk / Occasional
16923.0,6,1,550.5,0,At-Risk / Occasional
16926.0,15,1,230.25,1,At-Risk / Occasional
16927.0,5,1,218.1,0,At-Risk / Occasional
16928.0,17,1,116.25,1,At-Risk / Occasional
16931.0,1,2,364.66,0,At-Risk / Occasional
16945.0,1,1,279.85,0,At-Risk / Occasional
16950.0,11,1,172.0,1,At-Risk / Occasional
16954.0,3,1,346.79999999999995,0,At-Risk / Occasional
16955.0,12,2,189.1,1,At-Risk / Occasional
16983.0,13,1,163.49,1,At-Risk / Occasional
16985.0,2,1,933.3199999999999,0,At-Risk / Occasional
17001.0,2,1,397.96,0,At-Risk / Occasional
17007.0,1,2,207.12,0,At-Risk / Occasional
17017.0,4,5,2357.64,0,At-Risk / Occasional
17019.0,12,1,358.82,1,At-Risk / Occasional
17025.0,17,2,160.97,1,At-Risk / Occasional
17026.0,13,1,33.15,1,At-Risk / Occasional
17033.0,3,1,307.8,0,At-Risk / Occasional
17041.0,4,1,304.5,0,At-Risk / Occasional
17059.0,13,1,722.36,1,At-Risk / Occasional
17062.0,2,3,435.73,0,At-Risk / Occasional
17068.0,2,2,297.45,0,At-Risk / Occasional
17069.0,17,1,277.05,1,At-Risk / Occasional
17076.0,8,1,151.5,1,At-Risk / Occasional
17085.0,6,1,452.99,0,At-Risk / Occasional
17091.0,11,1,293.45000000000005,1,At-Risk / Occasional
17097.0,9,1,174.72,1,At-Risk / Occasional
17126.0,6,1,212.6,0,At-Risk / Occasional
17135.0,15,1,215.57999999999998,1,At-Risk / Occasional
17146.0,2,1,298.25,0,At-Risk / Occasional
17158.0,4,1,413.79,0,At-Risk / Occasional
17179.0,5,1,243.0,0,At-Risk / Occasional
17181.0,17,1,155.52,1,At-Risk / Occasional
17188.0,6,1,513.64,0,At-Risk / Occasional
17189.0,2,1,227.22,0,At-Risk / Occasional
17191.0,12,3,510.11,1,At-Risk / Occasional
17194.0,4,1,252.62,0,At-Risk / Occasional
17198.0,9,2,521.66,1,At-Risk / Occasional
17211.0,6,2,597.52,0,At-Risk / Occasional
17213.0,10,1,312.90000000000003,1,At-Risk / Occasional
17214.0,3,1,171.05,0,At-Risk / Occasional
17218.0,6,2,506.78,0,At-Risk / Occasional
17220.0,8,1,317.5,1,At-Risk / Occasional
17223.0,12,1,292.84000000000003,1,At-Risk / Occasional
17227.0,12,1,142.25,1,At-Risk / Occasional
17228.0,11,2,355.95,1,At-Risk / Occasional
17230.0,3,1,1761.26,0,At-Risk / Occasional
17231.0,5,1,232.01,0,At-Risk / Occasional
17235.0,16,1,341.9,1,At-Risk / Occasional
17236.0,6,1,126.28,0,At-Risk / Occasional
17238.0,15,2,370.09000000000003,1,At-Risk / Occasional
17243.0,6,2,595.5,0,At-Risk / Occasional
17251.0,6,1,283.28000000000003,0,At-Risk / Occasional
17259.0,12,1,381.64,1,At-Risk / Occasional
17262.0,10,1,268.86,1,At-Risk / Occasional
17287.0,11,2,222.7,1,At-Risk / Occasional
17288.0,2,1,133.56,0,At-Risk / Occasional
17293.0,5,1,346.14,0,At-Risk / Occasional
17303.0,5,1,250.04,0,At-Risk / Occasional
17315.0,1,1,108.92,0,At-Risk / Occasional
17320.0,12,1,450.92,1,At-Risk / Occasional
17324.0,10,1,127.05000000000001,1,At-Risk / Occasional
17338.0,5,1,767.6,0,At-Risk / Occasional
17339.0,9,1,60.0,1,At-Risk / Occasional
17340.0,10,1,2671.27,1,At-Risk / Occasional
17341.0,10,1,513.6,1,At-Risk / Occasional
17346.0,3,2,247.84,0,At-Risk / Occasional
17371.0,5,1,97.63,0,At-Risk / Occasional
17372.0,4,2,370.78000000000003,0,At-Risk / Occasional
17375.0,5,1,109.71000000000001,0,At-Risk / Occasional
17377.0,1,3,785.08,0,At-Risk / Occasional
17381.0,12,3,3603.7200000000003,1,At-Risk / Occasional
17392.0,1,1,312.41,0,At-Risk / Occasional
17396.0,15,1,397.5,1,At-Risk / Occasional
17402.0,13,2,459.96999999999997,1,At-Risk / Occasional
17404.0,1,2,3834.2999999999997,0,At-Risk / Occasional
17406.0,10,1,702.1,1,At-Risk / Occasional
17412.0,1,2,447.76,0,At-Risk / Occasional
17419.0,11,2,374.27,1,At-Risk / Occasional
17420.0,17,1,130.85,1,At-Risk / Occasional
17428.0,5,2,893.95,0,At-Risk / Occasional
17430.0,9,1,112.6,1,At-Risk / Occasional
17449.0,3,1,684.26,0,At-Risk / Occasional
17450.0,11,2,2028.84,1,At-Risk / Occasional
17454.0,3,1,165.85,0,At-Risk / Occasional
17456.0,9,1,249.86,1,At-Risk / Occasional
17460.0,16,2,70.30000000000001,1,At-Risk / Occasional
17470.0,11,1,178.4,1,At-Risk / Occasional
17491.0,11,1,327.40000000000003,1,At-Risk / Occasional
17496.0,2,1,271.05,0,At-Risk / Occasional
17511.0,3,3,6711.08,0,At-Risk / Occasional
17519.0,12,1,335.3,1,At-Risk / Occasional
17524.0,5,1,145.0,0,At-Risk / Occasional
17525.0,3,1,422.70000000000005,0,At-Risk / Occasional
17526.0,4,2,238.6,0,At-Risk / Occasional
17530.0,8,1,300.64,1,At-Risk / Occasional
17551.0,3,1,306.84,0,At-Risk / Occasional
17552.0,15,2,298.52,1,At-Risk / Occasional
17567.0,16,1,517.95,1,At-Risk / Occasional
17572.0,17,1,70.80000000000001,1,At-Risk / Occasional
17576.0,5,2,297.0,0,At-Risk / Occasional
17580.0,2,1,46.85,0,At-Risk / Occasional
17581.0,16,2,786.78,1,At-Risk / Occasional
17591.0,11,1,406.6,1,At-Risk / Occasional
17596.0,12,1,392.62,1,At-Risk / Occasional
17611.0,5,1,244.19,0,At-Risk / Occasional
17616.0,11,1,326.4,1,At-Risk / Occasional
17618.0,6,1,320.28,0,At-Risk / Occasional
17629.0,3,1,238.65,0,At-Risk / Occasional
17643.0,17,1,101.55,1,At-Risk / Occasional
17646.0,9,1,251.0,1,At-Risk / Occasional
17655.0,10,1,676.1,1,At-Risk / Occasional
17659.0,1,2,359.95,0,At-Risk / Occasional
17671.0,9,1,394.18,1,At-Risk / Occasional
17674.0,12,1,300.66,1,At-Risk / Occasional
17675.0,8,2,1019.12,0,At-Risk / Occasional
17676.0,10,1,300.7,1,At-Risk / Occasional
17677.0,10,4,1616.6000000000001,1,At-Risk / Occasional
17682.0,12,1,391.5,1,At-Risk / Occasional
17685.0,4,2,463.02,0,At-Risk / Occasional
17690.0,8,4,687.9000000000001,0,At-Risk / Occasional
17691.0,2,2,290.40000000000003,0,At-Risk / Occasional
17692.0,3,1,343.26,0,At-Risk / Occasional
17696.0,8,2,175.6,1,At-Risk / Occasional
17706.0,10,3,477.83,1,At-Risk / Occasional
17720.0,11,1,102.0,1,At-Risk / Occasional
17722.0,10,1,910.14,1,At-Risk / Occasional
17732.0,16,1,303.97,1,At-Risk / Occasional
17735.0,11,1,454.6,1,At-Risk / Occasional
17739.0,4,1,360.06,0,At-Risk / Occasional
17744.0,2,1,377.52,0,At-Risk / Occasional
17752.0,3,1,80.64,0,At-Risk / Occasional
17757.0,4,4,565.8000000000001,0,At-Risk / Occasional
17760.0,17,1,172.54,1,At-Risk / Occasional
17787.0,15,1,736.28,1,At-Risk / Occasional
17790.0,1,5,399.55,0,At-Risk / Occasional
17796.0,13,1,114.65,1,At-Risk / Occasional
17799.0,5,1,223.48,0,At-Risk / Occasional
17802.0,16,1,100.2,1,At-Risk / Occasional
17809.0,15,3,1251.5,1,At-Risk / Occasional
17812.0,12,1,217.54999999999998,1,At-Risk / Occasional
17816.0,9,1,16.21,1,At-Risk / Occasional
17819.0,6,2,980.1199999999999,0,At-Risk / Occasional
17827.0,8,3,1271.8,0,At-Risk / Occasional
17838.0,9,2,935.5600000000001,1,At-Risk / Occasional
17841.0,4,5,2189.55,0,At-Risk / Occasional
17848.0,1,1,97.3,0,At-Risk / Occasional
17850.0,16,34,5391.21,2,Champions
17855.0,16,1,208.97,1,At-Risk / Occasional
17857.0,2,2,1340.7,0,At-Risk / Occasional
17858.0,3,2,1556.85,0,At-Risk / Occasional
17860.0,12,1,252.8,1,At-Risk / Occasional
17863.0,13,1,384.71999999999997,1,At-Risk / Occasional
17865.0,1,2,1079.83,0,At-Risk / Occasional
17869.0,12,1,214.32,1,At-Risk / Occasional
17870.0,10,1,326.4,1,At-Risk / Occasional
17873.0,17,1,215.14999999999998,1,At-Risk / Occasional
17880.0,8,1,458.92,1,At-Risk / Occasional
17884.0,12,2,324.62,1,At-Risk / Occasional
17888.0,1,1,29.43,0,At-Risk / Occasional
17890.0,5,1,476.96,0,At-Risk / Occasional
17894.0,3,3,380.51,0,At-Risk / Occasional
17897.0,11,2,434.62,1,At-Risk / Occasional
17905.0,17,1,201.75,1,At-Risk / Occasional
17908.0,17,1,243.28,1,At-Risk / Occasional
17912.0,3,4,289.41,0,At-Risk / Occasional
17917.0,6,1,110.91,0,At-Risk / Occasional
17920.0,12,2,735.91,1,At-Risk / Occasional
17924.0,17,1,279.0,1,At-Risk / Occasional
17925.0,16,1,244.08,1,At-Risk / Occasional
17937.0,5,2,2153.88,0,At-Risk / Occasional
17949.0,15,1,1314.0,1,At-Risk / Occasional
17950.0,9,2,263.17,1,At-Risk / Occasional
17951.0,2,2,409.50000000000006,0,At-Risk / Occasional
17954.0,11,2,128.68,1,At-Risk / Occasional
17961.0,15,1,127.55,1,At-Risk / Occasional
17964.0,16,1,261.76,1,At-Risk / Occasional
17965.0,8,2,156.8,1,At-Risk / Occasional
17967.0,15,1,123.07,1,At-Risk / Occasional
17968.0,17,1,277.35,1,At-Risk / Occasional
17969.0,5,1,125.2,0,At-Risk / Occasional
17975.0,4,2,621.49,0,At-Risk / Occasional
17976.0,16,1,353.19,1,At-Risk / Occasional
17978.0,9,1,300.91999999999996,1,At-Risk / Occasional
17980.0,3,1,295.2,0,At-Risk / Occasional
17990.0,5,1,168.0,0,At-Risk / Occasional
17999.0,10,1,190.34,1,At-Risk / Occasional
18004.0,6,1,169.47,0,At-Risk / Occasional
18011.0,16,1,102.78999999999999,1,At-Risk / Occasional
18016.0,8,1,156.65,1,At-Risk / Occasional
18037.0,6,1,31.3,0,At-Risk / Occasional
18041.0,9,3,634.29,1,At-Risk / Occasional
18043.0,10,1,316.46,1,At-Risk / Occasional
18044.0,4,1,74.25,0,At-Risk / Occasional
18050.0,3,1,74.4,0,At-Risk / Occasional
18055.0,2,3,1751.1200000000001,0,At-Risk / Occasional
18061.0,10,1,405.16,1,At-Risk / Occasional
18065.0,8,2,345.02,1,At-Risk / Occasional
18071.0,9,1,258.95,1,At-Risk / Occasional
18074.0,17,1,489.6,1,At-Risk / Occasional
18075.0,4,1,198.95000000000002,0,At-Risk / Occasional
18077.0,10,1,204.87,1,At-Risk / Occasional
18085.0,17,1,303.9,1,At-Risk / Occasional
18092.0,9,1,1485.72,1,At-Risk / Occasional
18102.0,9,4,27834.61,3,Champions
18109.0,6,2,552.75,0,At-Risk / Occasional
18113.0,12,1,76.32000000000001,1,At-Risk / Occasional
18116.0,2,2,311.88,0,At-Risk / Occasional
18118.0,8,2,608.51,0,At-Risk / Occasional
18119.0,11,1,181.12,1,At-Risk / Occasional
18144.0,4,2,502.65,0,At-Risk / Occasional
18156.0,13,1,206.23000000000002,1,At-Risk / Occasional
18168.0,3,2,449.94,0,At-Risk / Occasional
18176.0,2,1,476.35,0,At-Risk / Occasional
18178.0,8,1,300.65000000000003,1,At-Risk / Occasional
18219.0,4,2,390.06,0,At-Risk / Occasional
18223.0,2,1,501.69,0,At-Risk / Occasional
18225.0,9,1,30.0,1,At-Risk / Occasional
18229.0,10,2,653.2,1,At-Risk / Occasional
18239.0,15,1,438.1,1,At-Risk / Occasional
18259.0,10,1,376.30000000000007,1,At-Risk / Occasional
18260.0,1,1,230.70000000000002,0,At-Risk / Occasional
18269.0,10,1,168.6,1,At-Risk / Occasional
